{
    "name": ":lc:vendor/:lc:package",
    "description": ":package_description",
    "license": ":license",
    "authors": [
        {
            "name": ":author_name",
            "email": ":author_email",
            "homepage": ":author_homepage"
        }
    ],
    "homepage": "https://github.com/:lc:vendor/:lc:package",
    "keywords": ["Laravel",
        ":uc:packageFacade"
    ],
    "require": {
        "illuminate/support": "~7|~8",
        "guzzlehttp/guzzle": "^7.2",
        "laravel/slack-notification-channel": "^2.3"
    },
    "require-dev": {
        "phpunit/phpunit": "~9.0",
        "orchestra/testbench": "~5|~6",
        "laravel/legacy-factories": "^1.0.4",
        "timacdonald/log-fake": "^1.7"
    },
    "autoload": {
        "psr-4": {
            ":lc:vendor\\:uc:package\\": "src/"
        }
    },
    "autoload-dev": {
        "psr-4": {
            ":lc:vendor\\:uc:package\\Tests\\": "tests/"
        }
    },
    "extra": {
        "laravel": {
            "providers": [
                ":lc:vendor\\:uc:package\\:uc:packageServiceProvider"
            ],
            "aliases": {
                ":uc:package": ":uc:packageFacade"
            }
        }
    }
}
